user_id,signup_date,country,device_type,traffic_source,plan_type
1,2026-05-18,India,desktop,Organic,free
2,2026-05-05,Germany,desktop,YouTube,free
3,2026-05-20,UK,desktop,YouTube,free
4,2026-03-29,USA,desktop,Google Ads,free
5,2026-05-10,India,desktop,Organic,free
6,2026-04-04,Germany,mobile,LinkedIn Ads,free
7,2026-04-19,Indonesia,mobile,LinkedIn Ads,free
8,2026-03-16,Indonesia,mobile,Google Ads,free
9,2026-03-11,India,mobile,YouTube,free
10,2026-04-30,Germany,mobile,Referral,free
11,2026-05-14,Germany,mobile,Referral,free
12,2026-04-29,India,mobile,Organic,free
13,2026-03-26,Indonesia,mobile,LinkedIn Ads,free
14,2026-05-14,India,desktop,Referral,free
15,2026-05-01,India,desktop,YouTube,free
16,2026-04-08,Germany,mobile,LinkedIn Ads,free
17,2026-05-13,UK,desktop,Referral,free
18,2026-05-02,Indonesia,desktop,Google Ads,free
19,2026-03-26,Germany,desktop,LinkedIn Ads,free
20,2026-03-31,USA,desktop,LinkedIn Ads,free
21,2026-04-15,USA,mobile,Organic,free
22,2026-04-22,USA,mobile,Google Ads,free
23,2026-05-19,UK,mobile,YouTube,free
24,2026-05-23,Indonesia,mobile,Google Ads,free
25,2026-03-24,USA,mobile,Google Ads,free
26,2026-04-11,UK,desktop,Google Ads,free
27,2026-05-08,India,mobile,Google Ads,free
28,2026-05-18,UK,mobile,Organic,free
29,2026-03-30,Germany,mobile,LinkedIn Ads,free
30,2026-03-25,Germany,mobile,Organic,free
31,2026-04-11,UK,mobile,LinkedIn Ads,free
32,2026-05-03,Germany,mobile,Google Ads,free
33,2026-04-15,India,mobile,Referral,free
34,2026-03-29,Germany,desktop,LinkedIn Ads,free
35,2026-05-08,UK,mobile,YouTube,free
36,2026-05-15,UK,mobile,YouTube,free
37,2026-03-30,USA,mobile,Google Ads,free
38,2026-04-22,Indonesia,desktop,LinkedIn Ads,free
39,2026-03-23,Germany,mobile,Google Ads,free
40,2026-05-22,UK,desktop,Organic,free
41,2026-05-11,India,mobile,Organic,free
42,2026-03-24,UK,desktop,Google Ads,free
43,2026-05-18,Indonesia,mobile,YouTube,free
44,2026-03-28,India,desktop,YouTube,free
45,2026-05-03,Indonesia,desktop,Referral,free
46,2026-04-17,Indonesia,desktop,Organic,free
47,2026-03-06,Indonesia,mobile,LinkedIn Ads,free
48,2026-04-15,UK,desktop,Referral,free
49,2026-05-01,USA,desktop,Google Ads,free
50,2026-03-11,USA,mobile,LinkedIn Ads,free
51,2026-03-26,UK,mobile,LinkedIn Ads,free
52,2026-03-25,USA,mobile,Referral,free
53,2026-05-16,USA,mobile,YouTube,free
54,2026-04-11,Germany,desktop,LinkedIn Ads,free
55,2026-03-31,UK,desktop,Referral,free
56,2026-05-13,India,mobile,Google Ads,free
57,2026-05-21,India,mobile,LinkedIn Ads,free
58,2026-05-20,UK,desktop,Google Ads,free
59,2026-03-02,UK,mobile,Referral,free
60,2026-05-19,Germany,mobile,Organic,free
61,2026-05-13,Indonesia,mobile,YouTube,free
62,2026-03-30,UK,desktop,Referral,free
63,2026-03-19,USA,mobile,Google Ads,free
64,2026-05-05,USA,desktop,Organic,free
65,2026-03-20,UK,desktop,Google Ads,free
66,2026-05-06,USA,mobile,LinkedIn Ads,free
67,2026-05-16,UK,desktop,LinkedIn Ads,free
68,2026-05-13,Germany,mobile,Organic,free
69,2026-03-29,India,desktop,Google Ads,free
70,2026-03-02,India,desktop,Organic,free
71,2026-04-27,Indonesia,desktop,LinkedIn Ads,free
72,2026-03-09,UK,mobile,Organic,free
73,2026-03-07,Indonesia,desktop,Google Ads,free
74,2026-05-01,Germany,desktop,LinkedIn Ads,free
75,2026-04-20,Germany,mobile,Referral,free
76,2026-03-11,USA,mobile,YouTube,free
77,2026-04-13,India,desktop,YouTube,free
78,2026-03-12,UK,desktop,Referral,free
79,2026-03-04,Germany,desktop,Referral,free
80,2026-02-24,India,desktop,Referral,free
81,2026-04-09,Indonesia,desktop,LinkedIn Ads,free
82,2026-03-07,Indonesia,desktop,LinkedIn Ads,free
83,2026-03-20,Indonesia,desktop,LinkedIn Ads,free
84,2026-04-18,Indonesia,mobile,Referral,free
85,2026-04-19,Germany,desktop,YouTube,free
86,2026-04-26,USA,mobile,Google Ads,free
87,2026-04-15,USA,desktop,YouTube,free
88,2026-05-22,India,desktop,Google Ads,free
89,2026-05-02,USA,mobile,YouTube,free
90,2026-04-16,UK,mobile,Referral,free
91,2026-03-12,India,desktop,Google Ads,free
92,2026-04-10,USA,desktop,Referral,free
93,2026-04-30,Indonesia,mobile,Organic,free
94,2026-05-14,Indonesia,desktop,Organic,free
95,2026-05-22,UK,mobile,Referral,free
96,2026-04-17,Indonesia,mobile,Referral,free
97,2026-03-08,India,desktop,YouTube,free
98,2026-04-24,UK,mobile,LinkedIn Ads,free
99,2026-04-05,Indonesia,mobile,LinkedIn Ads,free
100,2026-05-01,India,mobile,Referral,free
101,2026-04-16,Indonesia,desktop,Google Ads,free
102,2026-03-26,UK,desktop,Google Ads,free
103,2026-02-24,Germany,desktop,YouTube,free
104,2026-04-24,India,desktop,Referral,free
105,2026-04-27,Germany,desktop,Organic,free
106,2026-05-21,India,desktop,Organic,free
107,2026-05-13,Germany,desktop,Google Ads,free
108,2026-03-18,Germany,mobile,YouTube,free
109,2026-03-22,India,mobile,Google Ads,free
110,2026-03-13,UK,desktop,YouTube,free
111,2026-05-24,UK,mobile,Organic,free
112,2026-05-20,Indonesia,desktop,LinkedIn Ads,free
113,2026-05-16,Germany,mobile,LinkedIn Ads,free
114,2026-04-22,India,mobile,Referral,free
115,2026-05-02,UK,mobile,Google Ads,free
116,2026-04-03,USA,desktop,Organic,free
117,2026-03-17,UK,desktop,Referral,free
118,2026-03-07,UK,desktop,YouTube,free
119,2026-02-26,Indonesia,desktop,LinkedIn Ads,free
120,2026-04-06,Indonesia,mobile,YouTube,free
121,2026-04-25,India,mobile,YouTube,free
122,2026-04-29,India,desktop,LinkedIn Ads,free
123,2026-02-28,India,mobile,Organic,free
124,2026-04-18,USA,mobile,YouTube,free
125,2026-05-07,Germany,desktop,LinkedIn Ads,free
126,2026-05-01,UK,mobile,YouTube,free
127,2026-05-11,Germany,mobile,Google Ads,free
128,2026-05-15,USA,mobile,Referral,free
129,2026-03-14,India,mobile,LinkedIn Ads,free
130,2026-03-14,India,desktop,Organic,free
131,2026-04-05,USA,desktop,Google Ads,free
132,2026-03-29,UK,mobile,Organic,free
133,2026-05-19,UK,desktop,Organic,free
134,2026-05-17,UK,desktop,Google Ads,free
135,2026-04-26,Indonesia,mobile,Referral,free
136,2026-04-06,Germany,desktop,LinkedIn Ads,free
137,2026-05-03,USA,desktop,Referral,free
138,2026-05-13,USA,desktop,Organic,free
139,2026-04-21,UK,mobile,Google Ads,free
140,2026-05-05,USA,mobile,Google Ads,free
141,2026-05-05,India,mobile,Google Ads,free
142,2026-05-22,Indonesia,mobile,Organic,free
143,2026-04-26,UK,mobile,Referral,free
144,2026-03-13,Germany,mobile,Google Ads,free
145,2026-05-01,UK,desktop,Referral,free
146,2026-05-19,India,desktop,YouTube,free
147,2026-05-14,India,desktop,Google Ads,free
148,2026-05-15,USA,mobile,Google Ads,free
149,2026-03-24,Germany,mobile,Google Ads,free
150,2026-05-14,Germany,desktop,LinkedIn Ads,free
151,2026-05-19,Indonesia,desktop,Google Ads,free
152,2026-03-27,Indonesia,mobile,Google Ads,free
153,2026-03-18,USA,mobile,Google Ads,free
154,2026-03-03,Germany,desktop,Referral,free
155,2026-04-20,Indonesia,desktop,YouTube,free
156,2026-05-15,India,mobile,LinkedIn Ads,free
157,2026-03-09,Indonesia,mobile,Google Ads,free
158,2026-05-24,UK,mobile,Organic,free
159,2026-02-26,Germany,mobile,Organic,free
160,2026-02-25,Indonesia,mobile,Organic,free
161,2026-03-01,India,mobile,Google Ads,free
162,2026-05-13,UK,mobile,Organic,free
163,2026-05-04,USA,mobile,LinkedIn Ads,free
164,2026-04-24,Germany,mobile,Referral,free
165,2026-03-14,India,mobile,Google Ads,free
166,2026-03-04,USA,mobile,YouTube,free
167,2026-03-07,India,mobile,Referral,free
168,2026-04-01,India,mobile,LinkedIn Ads,free
169,2026-04-04,Indonesia,desktop,Google Ads,free
170,2026-04-10,USA,desktop,Referral,free
171,2026-03-27,Indonesia,mobile,YouTube,free
172,2026-03-30,Germany,mobile,Organic,free
173,2026-05-06,USA,desktop,Organic,free
174,2026-03-14,Germany,mobile,LinkedIn Ads,free
175,2026-04-24,India,desktop,Referral,free
176,2026-04-03,Indonesia,desktop,Google Ads,free
177,2026-05-22,India,mobile,YouTube,free
178,2026-03-19,Germany,mobile,Referral,free
179,2026-04-14,Germany,mobile,LinkedIn Ads,free
180,2026-03-19,Indonesia,desktop,Google Ads,free
181,2026-03-17,USA,mobile,YouTube,free
182,2026-02-24,Indonesia,mobile,Organic,free
183,2026-04-08,India,mobile,Referral,free
184,2026-04-28,India,desktop,LinkedIn Ads,free
185,2026-04-22,UK,mobile,Google Ads,free
186,2026-03-25,Indonesia,desktop,Organic,free
187,2026-05-13,Germany,mobile,Referral,free
188,2026-03-20,Germany,desktop,Google Ads,free
189,2026-03-18,UK,mobile,LinkedIn Ads,free
190,2026-03-31,USA,desktop,LinkedIn Ads,free
191,2026-03-31,India,mobile,YouTube,free
192,2026-04-14,USA,desktop,Google Ads,free
193,2026-04-28,Germany,mobile,Google Ads,free
194,2026-02-26,USA,mobile,YouTube,free
195,2026-03-12,Germany,mobile,LinkedIn Ads,free
196,2026-04-19,UK,mobile,Organic,free
197,2026-04-26,USA,desktop,Referral,free
198,2026-03-24,Germany,desktop,Google Ads,free
199,2026-05-09,Indonesia,desktop,Google Ads,free
200,2026-03-18,Germany,desktop,Organic,free
201,2026-04-22,UK,mobile,Organic,free
202,2026-03-16,India,mobile,Referral,free
203,2026-03-30,UK,desktop,Referral,free
204,2026-04-02,Germany,mobile,Google Ads,free
205,2026-03-07,Germany,desktop,LinkedIn Ads,free
206,2026-03-17,Germany,mobile,YouTube,free
207,2026-05-18,Indonesia,mobile,Google Ads,free
208,2026-03-02,Germany,desktop,YouTube,free
209,2026-04-19,Germany,desktop,Referral,free
210,2026-04-21,Germany,desktop,Organic,free
211,2026-04-27,India,mobile,Google Ads,free
212,2026-05-15,USA,desktop,Google Ads,free
213,2026-03-01,India,mobile,Organic,free
214,2026-03-22,India,desktop,YouTube,free
215,2026-05-13,India,mobile,Organic,free
216,2026-04-27,UK,desktop,Google Ads,free
217,2026-05-21,UK,mobile,Google Ads,free
218,2026-03-28,Germany,desktop,Google Ads,free
219,2026-03-27,Germany,mobile,Google Ads,free
220,2026-04-08,Germany,desktop,Referral,free
221,2026-05-17,India,desktop,Google Ads,free
222,2026-05-16,Germany,mobile,Referral,free
223,2026-04-28,India,desktop,YouTube,free
224,2026-03-30,Indonesia,mobile,Referral,free
225,2026-04-13,UK,desktop,YouTube,free
226,2026-04-06,UK,mobile,YouTube,free
227,2026-04-05,Indonesia,mobile,LinkedIn Ads,free
228,2026-03-27,Germany,desktop,Referral,free
229,2026-03-22,Indonesia,desktop,Referral,free
230,2026-03-13,Indonesia,desktop,Referral,free
231,2026-03-19,Germany,mobile,LinkedIn Ads,free
232,2026-05-23,Germany,desktop,YouTube,free
233,2026-03-18,Germany,mobile,Referral,free
234,2026-05-06,USA,desktop,Referral,free
235,2026-05-11,India,desktop,Referral,free
236,2026-04-27,Indonesia,desktop,Google Ads,free
237,2026-03-31,UK,desktop,Referral,free
238,2026-05-11,Germany,mobile,LinkedIn Ads,free
239,2026-03-30,UK,mobile,Organic,free
240,2026-04-12,India,mobile,Organic,free
241,2026-05-05,Germany,desktop,Organic,free
242,2026-02-26,UK,desktop,YouTube,free
243,2026-05-05,India,mobile,Organic,free
244,2026-03-30,Germany,desktop,YouTube,free
245,2026-05-13,India,desktop,Referral,free
246,2026-05-23,Indonesia,mobile,Organic,free
247,2026-05-15,UK,mobile,Organic,free
248,2026-05-18,India,desktop,Organic,free
249,2026-04-19,UK,desktop,Organic,free
250,2026-03-23,USA,mobile,Organic,free
251,2026-02-27,Indonesia,desktop,Organic,free
252,2026-05-18,USA,desktop,Google Ads,free
253,2026-05-15,Germany,desktop,Organic,free
254,2026-04-15,Germany,desktop,Organic,free
255,2026-04-27,USA,desktop,Referral,free
256,2026-05-05,UK,desktop,Google Ads,free
257,2026-04-17,Germany,desktop,Google Ads,free
258,2026-04-28,USA,mobile,Google Ads,free
259,2026-03-05,India,mobile,YouTube,free
260,2026-03-23,India,desktop,Google Ads,free
261,2026-05-19,Germany,desktop,YouTube,free
262,2026-04-08,UK,desktop,LinkedIn Ads,free
263,2026-05-16,Indonesia,mobile,Referral,free
264,2026-04-27,Germany,mobile,Google Ads,free
265,2026-04-16,Indonesia,mobile,YouTube,free
266,2026-04-09,Indonesia,mobile,LinkedIn Ads,free
267,2026-04-03,Germany,mobile,Google Ads,free
268,2026-03-26,Indonesia,desktop,LinkedIn Ads,free
269,2026-03-12,Indonesia,mobile,Organic,free
270,2026-04-10,India,desktop,Google Ads,free
271,2026-05-11,UK,desktop,LinkedIn Ads,free
272,2026-05-20,India,mobile,Referral,free
273,2026-02-28,India,mobile,LinkedIn Ads,free
274,2026-05-17,Germany,mobile,Referral,free
275,2026-04-03,India,mobile,LinkedIn Ads,free
276,2026-04-07,India,mobile,Referral,free
277,2026-04-12,UK,mobile,Google Ads,free
278,2026-03-26,India,mobile,LinkedIn Ads,free
279,2026-03-30,Indonesia,desktop,Google Ads,free
280,2026-03-15,Germany,desktop,YouTube,free
281,2026-03-10,Germany,desktop,Google Ads,free
282,2026-04-02,Indonesia,desktop,YouTube,free
283,2026-05-17,Indonesia,desktop,YouTube,free
284,2026-05-22,Germany,mobile,YouTube,free
285,2026-03-15,Indonesia,desktop,YouTube,free
286,2026-03-14,UK,desktop,LinkedIn Ads,free
287,2026-04-14,Indonesia,desktop,Google Ads,free
288,2026-05-23,Germany,desktop,Referral,free
289,2026-05-12,USA,desktop,Referral,free
290,2026-05-04,Germany,mobile,YouTube,free
291,2026-03-04,India,mobile,LinkedIn Ads,free
292,2026-03-06,Germany,mobile,YouTube,free
293,2026-05-21,Indonesia,desktop,Google Ads,free
294,2026-04-03,UK,mobile,YouTube,free
295,2026-03-05,India,desktop,Organic,free
296,2026-03-13,Germany,mobile,Google Ads,free
297,2026-03-28,USA,desktop,Google Ads,free
298,2026-04-18,Germany,desktop,YouTube,free
299,2026-03-25,UK,mobile,Google Ads,free
300,2026-03-02,Indonesia,mobile,LinkedIn Ads,free
301,2026-02-28,UK,mobile,Referral,free
302,2026-03-10,UK,desktop,Organic,free
303,2026-03-10,UK,mobile,YouTube,free
304,2026-04-05,USA,mobile,YouTube,free
305,2026-04-16,UK,desktop,Organic,free
306,2026-04-23,India,mobile,LinkedIn Ads,free
307,2026-05-22,Germany,desktop,Referral,free
308,2026-04-07,Germany,mobile,Organic,free
309,2026-04-07,USA,desktop,LinkedIn Ads,free
310,2026-03-27,USA,mobile,YouTube,free
311,2026-03-05,USA,desktop,Google Ads,free
312,2026-04-21,India,desktop,Organic,free
313,2026-02-25,India,mobile,LinkedIn Ads,free
314,2026-03-06,USA,mobile,LinkedIn Ads,free
315,2026-03-25,Germany,desktop,Google Ads,free
316,2026-03-31,Germany,mobile,Google Ads,free
317,2026-04-21,Indonesia,mobile,Referral,free
318,2026-03-20,Germany,desktop,LinkedIn Ads,free
319,2026-02-25,Indonesia,desktop,Referral,free
320,2026-04-27,India,desktop,Organic,free
321,2026-03-23,India,mobile,Referral,free
322,2026-03-02,Indonesia,desktop,LinkedIn Ads,free
323,2026-03-24,Germany,desktop,LinkedIn Ads,free
324,2026-03-18,UK,desktop,YouTube,free
325,2026-03-14,UK,mobile,Google Ads,free
326,2026-02-24,UK,desktop,LinkedIn Ads,free
327,2026-04-22,UK,desktop,Google Ads,free
328,2026-03-01,USA,desktop,LinkedIn Ads,free
329,2026-05-16,UK,desktop,Organic,free
330,2026-03-06,USA,desktop,Google Ads,free
331,2026-03-08,Indonesia,mobile,Google Ads,free
332,2026-03-12,Indonesia,desktop,Google Ads,free
333,2026-04-13,Germany,desktop,LinkedIn Ads,free
334,2026-04-28,UK,mobile,LinkedIn Ads,free
335,2026-03-26,Indonesia,desktop,YouTube,free
336,2026-03-19,Indonesia,mobile,YouTube,free
337,2026-05-07,USA,mobile,LinkedIn Ads,free
338,2026-03-09,UK,desktop,YouTube,free
339,2026-04-11,India,desktop,Organic,free
340,2026-03-03,India,desktop,Referral,free
341,2026-04-21,USA,mobile,LinkedIn Ads,free
342,2026-03-22,UK,mobile,LinkedIn Ads,free
343,2026-03-14,Indonesia,desktop,Organic,free
344,2026-04-22,USA,mobile,Organic,free
345,2026-05-23,India,desktop,Referral,free
346,2026-05-24,India,mobile,Google Ads,free
347,2026-05-13,Germany,mobile,Organic,free
348,2026-03-30,Germany,desktop,LinkedIn Ads,free
349,2026-03-25,USA,mobile,Organic,free
350,2026-03-21,India,mobile,Organic,free
351,2026-03-02,USA,desktop,Referral,free
352,2026-05-06,Germany,desktop,Organic,free
353,2026-04-27,UK,mobile,Google Ads,free
354,2026-05-21,India,mobile,Organic,free
355,2026-04-10,UK,desktop,Organic,free
356,2026-05-08,India,mobile,YouTube,free
357,2026-03-31,UK,mobile,Referral,free
358,2026-04-15,Indonesia,desktop,LinkedIn Ads,free
359,2026-04-27,India,mobile,Organic,free
360,2026-03-05,India,desktop,LinkedIn Ads,free
361,2026-03-08,UK,desktop,Google Ads,free
362,2026-02-24,Indonesia,desktop,Referral,free
363,2026-04-19,UK,mobile,Referral,free
364,2026-04-18,India,desktop,Google Ads,free
365,2026-03-06,USA,desktop,Google Ads,free
366,2026-05-16,India,desktop,Google Ads,free
367,2026-02-24,USA,desktop,YouTube,free
368,2026-03-15,USA,desktop,Organic,free
369,2026-04-16,India,mobile,LinkedIn Ads,free
370,2026-04-08,Indonesia,desktop,LinkedIn Ads,free
371,2026-03-28,USA,desktop,LinkedIn Ads,free
372,2026-05-11,USA,mobile,Google Ads,free
373,2026-05-10,USA,mobile,LinkedIn Ads,free
374,2026-04-07,India,mobile,Referral,free
375,2026-05-19,Indonesia,mobile,Organic,free
376,2026-03-15,UK,mobile,LinkedIn Ads,free
377,2026-02-26,USA,mobile,Referral,free
378,2026-03-26,India,desktop,LinkedIn Ads,free
379,2026-03-04,Indonesia,mobile,Google Ads,free
380,2026-05-20,Indonesia,mobile,Referral,free
381,2026-04-18,Indonesia,desktop,LinkedIn Ads,free
382,2026-04-06,Indonesia,desktop,YouTube,free
383,2026-04-07,USA,mobile,Organic,free
384,2026-05-01,Germany,desktop,Organic,free
385,2026-05-23,Indonesia,mobile,Google Ads,free
386,2026-03-11,Indonesia,mobile,Referral,free
387,2026-04-22,UK,desktop,Google Ads,free
388,2026-03-17,India,mobile,Referral,free
389,2026-03-29,India,desktop,LinkedIn Ads,free
390,2026-03-15,India,desktop,Google Ads,free
391,2026-04-15,USA,desktop,YouTube,free
392,2026-04-08,Indonesia,desktop,Google Ads,free
393,2026-04-09,India,mobile,LinkedIn Ads,free
394,2026-03-07,India,mobile,Organic,free
395,2026-05-07,Germany,desktop,Organic,free
396,2026-03-14,Germany,desktop,Organic,free
397,2026-05-23,USA,desktop,YouTube,free
398,2026-04-29,Indonesia,desktop,YouTube,free
399,2026-04-15,Germany,mobile,YouTube,free
400,2026-04-09,UK,desktop,Organic,free
401,2026-04-19,Indonesia,desktop,Referral,free
402,2026-05-06,USA,desktop,YouTube,free
403,2026-05-15,UK,desktop,Google Ads,free
404,2026-03-04,Germany,desktop,LinkedIn Ads,free
405,2026-05-02,UK,mobile,YouTube,free
406,2026-05-01,Germany,mobile,Organic,free
407,2026-03-19,UK,desktop,Referral,free
408,2026-03-07,India,desktop,YouTube,free
409,2026-04-05,Germany,desktop,Organic,free
410,2026-04-27,UK,desktop,Referral,free
411,2026-03-27,Indonesia,desktop,LinkedIn Ads,free
412,2026-04-14,India,desktop,Referral,free
413,2026-04-08,Germany,mobile,Organic,free
414,2026-03-06,Indonesia,mobile,Organic,free
415,2026-04-23,USA,mobile,YouTube,free
416,2026-02-27,UK,mobile,LinkedIn Ads,free
417,2026-04-27,Germany,mobile,LinkedIn Ads,free
418,2026-03-11,Indonesia,mobile,Google Ads,free
419,2026-03-04,India,mobile,YouTube,free
420,2026-03-25,India,desktop,YouTube,free
421,2026-05-02,India,desktop,Referral,free
422,2026-04-08,USA,mobile,Google Ads,free
423,2026-05-23,Germany,desktop,Google Ads,free
424,2026-04-29,USA,mobile,Referral,free
425,2026-04-19,UK,mobile,YouTube,free
426,2026-04-29,Indonesia,mobile,LinkedIn Ads,free
427,2026-05-21,UK,desktop,YouTube,free
428,2026-05-23,India,desktop,YouTube,free
429,2026-04-09,UK,mobile,Organic,free
430,2026-03-14,USA,desktop,Google Ads,free
431,2026-05-04,Indonesia,mobile,Google Ads,free
432,2026-03-09,Indonesia,desktop,Google Ads,free
433,2026-03-03,Indonesia,desktop,Referral,free
434,2026-05-16,UK,desktop,Referral,free
435,2026-04-13,Indonesia,desktop,Google Ads,free
436,2026-05-23,Indonesia,desktop,Organic,free
437,2026-04-22,India,desktop,LinkedIn Ads,free
438,2026-04-10,UK,desktop,Organic,free
439,2026-05-02,USA,mobile,Google Ads,free
440,2026-04-24,India,desktop,Organic,free
441,2026-03-15,UK,mobile,YouTube,free
442,2026-03-18,Germany,mobile,LinkedIn Ads,free
443,2026-04-27,Germany,mobile,Google Ads,free
444,2026-05-07,Germany,mobile,LinkedIn Ads,free
445,2026-04-23,USA,mobile,Organic,free
446,2026-03-05,India,desktop,Organic,free
447,2026-04-27,UK,desktop,Referral,free
448,2026-04-09,USA,desktop,YouTube,free
449,2026-04-03,Indonesia,desktop,YouTube,free
450,2026-03-17,Germany,desktop,Referral,free
451,2026-03-22,Indonesia,mobile,Organic,free
452,2026-05-21,Germany,mobile,YouTube,free
453,2026-05-15,Germany,desktop,Organic,free
454,2026-05-23,Indonesia,mobile,Google Ads,free
455,2026-02-28,India,mobile,Referral,free
456,2026-03-29,USA,desktop,YouTube,free
457,2026-05-11,USA,mobile,Referral,free
458,2026-04-17,Germany,mobile,LinkedIn Ads,free
459,2026-03-08,India,desktop,Referral,free
460,2026-05-04,India,desktop,Referral,free
461,2026-04-01,India,mobile,Organic,free
462,2026-03-24,Indonesia,desktop,Organic,free
463,2026-03-09,India,desktop,Referral,free
464,2026-03-29,UK,mobile,LinkedIn Ads,free
465,2026-03-16,Indonesia,desktop,Google Ads,free
466,2026-03-03,Indonesia,mobile,Organic,free
467,2026-04-03,India,mobile,Referral,free
468,2026-04-19,India,mobile,YouTube,free
469,2026-03-23,USA,desktop,LinkedIn Ads,free
470,2026-04-19,Indonesia,mobile,LinkedIn Ads,free
471,2026-03-28,Germany,desktop,YouTube,free
472,2026-02-25,India,mobile,LinkedIn Ads,free
473,2026-03-29,UK,mobile,Organic,free
474,2026-04-06,India,desktop,Organic,free
475,2026-04-07,India,mobile,Google Ads,free
476,2026-04-02,UK,mobile,YouTube,free
477,2026-03-24,Germany,desktop,LinkedIn Ads,free
478,2026-04-21,India,desktop,LinkedIn Ads,free
479,2026-03-17,UK,desktop,Google Ads,free
480,2026-04-17,India,mobile,LinkedIn Ads,free
481,2026-04-03,India,mobile,Referral,free
482,2026-05-03,India,desktop,YouTube,free
483,2026-03-06,India,mobile,Google Ads,free
484,2026-03-15,Germany,mobile,Google Ads,free
485,2026-04-05,India,desktop,Google Ads,free
486,2026-04-29,Indonesia,desktop,Organic,free
487,2026-05-10,India,desktop,YouTube,free
488,2026-03-20,USA,mobile,Google Ads,free
489,2026-03-04,UK,mobile,Referral,free
490,2026-04-24,UK,mobile,Organic,free
491,2026-03-12,Indonesia,desktop,Google Ads,free
492,2026-04-27,UK,mobile,YouTube,free
493,2026-04-04,Germany,mobile,Google Ads,free
494,2026-03-04,Germany,mobile,LinkedIn Ads,free
495,2026-03-17,UK,desktop,YouTube,free
496,2026-04-28,Germany,desktop,YouTube,free
497,2026-03-24,Germany,mobile,Google Ads,free
498,2026-05-22,Germany,desktop,Google Ads,free
499,2026-03-09,India,desktop,LinkedIn Ads,free
500,2026-04-22,Indonesia,desktop,Google Ads,free
501,2026-03-22,Germany,mobile,Referral,free
502,2026-03-14,UK,mobile,LinkedIn Ads,free
503,2026-05-04,UK,desktop,YouTube,free
504,2026-04-21,UK,desktop,Google Ads,free
505,2026-04-13,Indonesia,desktop,Referral,free
506,2026-04-26,UK,desktop,Referral,free
507,2026-04-14,India,desktop,Organic,free
508,2026-04-15,UK,mobile,LinkedIn Ads,free
509,2026-05-10,UK,desktop,Google Ads,free
510,2026-05-12,Indonesia,desktop,YouTube,free
511,2026-02-28,UK,desktop,Organic,free
512,2026-05-07,Indonesia,mobile,YouTube,free
513,2026-03-21,UK,desktop,Google Ads,free
514,2026-04-20,Indonesia,desktop,Organic,free
515,2026-04-25,Germany,desktop,Organic,free
516,2026-03-11,Germany,desktop,YouTube,free
517,2026-05-19,Indonesia,mobile,YouTube,free
518,2026-03-25,Indonesia,mobile,Google Ads,free
519,2026-05-01,Germany,desktop,Organic,free
520,2026-03-01,UK,desktop,LinkedIn Ads,free
521,2026-04-23,India,mobile,YouTube,free
522,2026-04-03,India,desktop,YouTube,free
523,2026-04-07,India,mobile,LinkedIn Ads,free
524,2026-04-02,India,desktop,LinkedIn Ads,free
525,2026-03-16,Germany,desktop,Organic,free
526,2026-04-10,India,desktop,Google Ads,free
527,2026-05-03,India,mobile,YouTube,free
528,2026-04-27,UK,mobile,Google Ads,free
529,2026-04-21,UK,desktop,LinkedIn Ads,free
530,2026-04-13,Germany,mobile,LinkedIn Ads,free
531,2026-02-28,Indonesia,mobile,YouTube,free
532,2026-03-14,USA,mobile,Google Ads,free
533,2026-04-01,UK,desktop,LinkedIn Ads,free
534,2026-03-29,Indonesia,desktop,LinkedIn Ads,free
535,2026-03-09,USA,desktop,LinkedIn Ads,free
536,2026-03-11,Germany,mobile,Google Ads,free
537,2026-03-07,India,desktop,Organic,free
538,2026-05-05,Indonesia,desktop,YouTube,free
539,2026-05-11,Germany,desktop,YouTube,free
540,2026-04-14,USA,desktop,LinkedIn Ads,free
541,2026-03-01,India,mobile,Referral,free
542,2026-04-21,Germany,mobile,Google Ads,free
543,2026-03-28,India,mobile,LinkedIn Ads,free
544,2026-03-29,UK,desktop,Referral,free
545,2026-04-19,India,mobile,Google Ads,free
546,2026-05-15,UK,mobile,YouTube,free
547,2026-05-03,USA,mobile,YouTube,free
548,2026-05-23,USA,desktop,Organic,free
549,2026-03-11,Germany,desktop,Referral,free
550,2026-04-22,Germany,mobile,Organic,free
551,2026-05-07,Indonesia,desktop,Google Ads,free
552,2026-03-11,Indonesia,desktop,Referral,free
553,2026-05-08,Germany,desktop,LinkedIn Ads,free
554,2026-04-10,Indonesia,desktop,YouTube,free
555,2026-04-20,Germany,desktop,Organic,free
556,2026-03-26,Indonesia,mobile,YouTube,free
557,2026-03-05,Germany,mobile,Google Ads,free
558,2026-05-15,Germany,desktop,YouTube,free
559,2026-05-05,Germany,desktop,Referral,free
560,2026-03-17,Germany,mobile,LinkedIn Ads,free
561,2026-05-13,India,desktop,YouTube,free
562,2026-04-28,USA,desktop,Referral,free
563,2026-03-29,Indonesia,desktop,Organic,free
564,2026-04-15,Germany,mobile,LinkedIn Ads,free
565,2026-03-24,USA,mobile,Google Ads,free
566,2026-03-29,USA,mobile,Organic,free
567,2026-03-06,Germany,mobile,LinkedIn Ads,free
568,2026-03-21,UK,desktop,Referral,free
569,2026-05-05,India,mobile,Referral,free
570,2026-04-05,USA,desktop,YouTube,free
571,2026-04-02,UK,mobile,Referral,free
572,2026-05-05,Indonesia,mobile,LinkedIn Ads,free
573,2026-03-08,Germany,mobile,YouTube,free
574,2026-02-25,Germany,mobile,Google Ads,free
575,2026-03-15,USA,desktop,LinkedIn Ads,free
576,2026-03-29,Germany,mobile,YouTube,free
577,2026-04-08,USA,desktop,Organic,free
578,2026-05-15,India,desktop,Referral,free
579,2026-04-18,India,desktop,LinkedIn Ads,free
580,2026-04-28,Germany,mobile,YouTube,free
581,2026-03-05,USA,desktop,Referral,free
582,2026-02-27,USA,mobile,YouTube,free
583,2026-04-23,UK,mobile,Google Ads,free
584,2026-03-05,India,desktop,LinkedIn Ads,free
585,2026-04-21,Germany,mobile,Referral,free
586,2026-02-27,UK,desktop,LinkedIn Ads,free
587,2026-05-20,India,desktop,LinkedIn Ads,free
588,2026-04-26,Indonesia,desktop,YouTube,free
589,2026-04-12,USA,desktop,Organic,free
590,2026-03-13,UK,mobile,YouTube,free
591,2026-05-21,UK,desktop,Organic,free
592,2026-05-05,India,mobile,Organic,free
593,2026-02-26,UK,mobile,Referral,free
594,2026-03-28,USA,desktop,Google Ads,free
595,2026-04-10,USA,desktop,Google Ads,free
596,2026-04-18,India,mobile,YouTube,free
597,2026-05-01,Germany,desktop,Organic,free
598,2026-05-17,UK,mobile,YouTube,free
599,2026-04-05,USA,desktop,LinkedIn Ads,free
600,2026-04-10,Indonesia,mobile,Organic,free
601,2026-05-01,USA,mobile,Google Ads,free
602,2026-04-15,India,mobile,Organic,free
603,2026-05-09,Indonesia,desktop,YouTube,free
604,2026-03-12,USA,desktop,YouTube,free
605,2026-04-29,India,mobile,Referral,free
606,2026-02-27,Germany,mobile,Google Ads,free
607,2026-05-06,Indonesia,mobile,Organic,free
608,2026-04-27,UK,desktop,Google Ads,free
609,2026-04-23,India,desktop,YouTube,free
610,2026-03-09,UK,desktop,Google Ads,free
611,2026-03-27,UK,mobile,Referral,free
612,2026-03-17,Germany,desktop,Referral,free
613,2026-05-06,USA,desktop,Referral,free
614,2026-05-10,USA,mobile,Organic,free
615,2026-03-16,USA,desktop,Referral,free
616,2026-04-10,India,desktop,Google Ads,free
617,2026-03-15,Germany,mobile,LinkedIn Ads,free
618,2026-04-02,Germany,mobile,Organic,free
619,2026-04-30,Indonesia,desktop,Google Ads,free
620,2026-04-01,UK,desktop,Google Ads,free
621,2026-05-20,UK,desktop,Referral,free
622,2026-04-14,Indonesia,mobile,Organic,free
623,2026-03-06,Indonesia,desktop,LinkedIn Ads,free
624,2026-04-04,India,mobile,YouTube,free
625,2026-02-26,UK,mobile,LinkedIn Ads,free
626,2026-04-27,USA,desktop,Referral,free
627,2026-04-03,Germany,mobile,Referral,free
628,2026-02-25,UK,desktop,LinkedIn Ads,free
629,2026-03-21,Germany,mobile,LinkedIn Ads,free
630,2026-04-01,India,desktop,YouTube,free
631,2026-05-08,UK,desktop,Google Ads,free
632,2026-05-09,USA,mobile,LinkedIn Ads,free
633,2026-04-27,Germany,mobile,Referral,free
634,2026-05-09,Germany,mobile,Referral,free
635,2026-03-26,USA,mobile,YouTube,free
636,2026-05-13,Indonesia,mobile,YouTube,free
637,2026-04-04,Indonesia,desktop,LinkedIn Ads,free
638,2026-05-16,Indonesia,desktop,Organic,free
639,2026-03-12,India,desktop,YouTube,free
640,2026-03-24,Germany,desktop,Referral,free
641,2026-05-09,Indonesia,mobile,Google Ads,free
642,2026-04-18,UK,desktop,LinkedIn Ads,free
643,2026-04-09,India,mobile,Referral,free
644,2026-03-01,USA,mobile,YouTube,free
645,2026-04-20,Indonesia,mobile,Referral,free
646,2026-04-11,Germany,mobile,YouTube,free
647,2026-05-05,USA,desktop,YouTube,free
648,2026-05-07,USA,desktop,Organic,free
649,2026-05-16,USA,mobile,LinkedIn Ads,free
650,2026-03-23,Germany,desktop,Organic,free
651,2026-04-30,UK,mobile,YouTube,free
652,2026-03-10,Germany,mobile,Google Ads,free
653,2026-03-28,India,mobile,LinkedIn Ads,free
654,2026-03-18,Indonesia,desktop,Referral,free
655,2026-03-22,India,mobile,Organic,free
656,2026-03-13,USA,mobile,Google Ads,free
657,2026-05-05,India,mobile,YouTube,free
658,2026-05-16,UK,mobile,Organic,free
659,2026-03-30,USA,mobile,Organic,free
660,2026-04-18,Indonesia,mobile,Google Ads,free
661,2026-04-13,UK,mobile,Google Ads,free
662,2026-04-05,Indonesia,mobile,Google Ads,free
663,2026-03-20,Germany,desktop,LinkedIn Ads,free
664,2026-05-19,Indonesia,desktop,Organic,free
665,2026-03-19,Germany,mobile,Organic,free
666,2026-04-14,India,desktop,Referral,free
667,2026-05-01,India,mobile,LinkedIn Ads,free
668,2026-05-11,UK,desktop,Organic,free
669,2026-05-23,Indonesia,desktop,Google Ads,free
670,2026-05-15,UK,desktop,YouTube,free
671,2026-03-06,Germany,mobile,YouTube,free
672,2026-04-26,UK,mobile,Organic,free
673,2026-04-23,USA,desktop,LinkedIn Ads,free
674,2026-02-26,Germany,mobile,Referral,free
675,2026-04-30,UK,desktop,Google Ads,free
676,2026-04-19,India,mobile,Google Ads,free
677,2026-02-27,UK,desktop,Referral,free
678,2026-02-24,Germany,desktop,Google Ads,free
679,2026-03-29,UK,mobile,YouTube,free
680,2026-03-19,Germany,desktop,Google Ads,free
681,2026-04-10,Indonesia,desktop,LinkedIn Ads,free
682,2026-04-30,Indonesia,mobile,Referral,free
683,2026-03-09,USA,mobile,Google Ads,free
684,2026-04-25,UK,desktop,Referral,free
685,2026-05-23,USA,desktop,Google Ads,free
686,2026-05-13,UK,desktop,Google Ads,free
687,2026-03-10,Indonesia,mobile,YouTube,free
688,2026-04-16,UK,mobile,Referral,free
689,2026-03-12,USA,desktop,Referral,free
690,2026-05-18,Indonesia,mobile,Organic,free
691,2026-03-24,India,mobile,LinkedIn Ads,free
692,2026-03-15,UK,mobile,LinkedIn Ads,free
693,2026-03-01,UK,mobile,Google Ads,free
694,2026-04-08,India,mobile,Google Ads,free
695,2026-03-29,Germany,desktop,Organic,free
696,2026-03-25,Germany,desktop,YouTube,free
697,2026-04-02,Indonesia,mobile,YouTube,free
698,2026-02-26,Indonesia,desktop,Referral,free
699,2026-05-09,Indonesia,desktop,Organic,free
700,2026-04-20,Germany,mobile,Referral,free
701,2026-04-28,USA,desktop,Google Ads,free
702,2026-03-23,UK,mobile,LinkedIn Ads,free
703,2026-03-17,UK,desktop,Referral,free
704,2026-03-13,India,mobile,Organic,free
705,2026-05-07,UK,mobile,Referral,free
706,2026-03-30,UK,desktop,Google Ads,free
707,2026-03-24,USA,desktop,YouTube,free
708,2026-03-15,USA,mobile,Organic,free
709,2026-03-17,India,mobile,Google Ads,free
710,2026-02-26,Indonesia,mobile,LinkedIn Ads,free
711,2026-05-03,USA,mobile,LinkedIn Ads,free
712,2026-04-04,India,desktop,LinkedIn Ads,free
713,2026-03-21,Germany,mobile,Referral,free
714,2026-03-27,USA,mobile,Google Ads,free
715,2026-03-06,Indonesia,mobile,YouTube,free
716,2026-03-16,Indonesia,mobile,Referral,free
717,2026-04-09,USA,mobile,Google Ads,free
718,2026-04-28,Germany,mobile,Referral,free
719,2026-04-18,India,desktop,Organic,free
720,2026-05-03,UK,desktop,LinkedIn Ads,free
721,2026-04-02,Germany,desktop,YouTube,free
722,2026-05-20,India,mobile,YouTube,free
723,2026-02-24,Indonesia,desktop,Referral,free
724,2026-05-10,Indonesia,mobile,Google Ads,free
725,2026-04-27,USA,mobile,LinkedIn Ads,free
726,2026-05-05,USA,mobile,LinkedIn Ads,free
727,2026-03-22,Indonesia,mobile,LinkedIn Ads,free
728,2026-03-15,USA,mobile,Organic,free
729,2026-05-05,USA,desktop,YouTube,free
730,2026-05-02,Indonesia,desktop,LinkedIn Ads,free
731,2026-04-05,Germany,desktop,YouTube,free
732,2026-03-24,Indonesia,desktop,Organic,free
733,2026-05-06,USA,desktop,Google Ads,free
734,2026-05-20,India,desktop,Organic,free
735,2026-03-31,India,desktop,Referral,free
736,2026-03-28,Germany,desktop,LinkedIn Ads,free
737,2026-03-31,USA,mobile,YouTube,free
738,2026-04-15,India,desktop,Google Ads,free
739,2026-04-30,Germany,mobile,LinkedIn Ads,free
740,2026-05-13,Germany,desktop,Organic,free
741,2026-04-20,Germany,mobile,LinkedIn Ads,free
742,2026-04-30,Germany,desktop,YouTube,free
743,2026-03-27,India,mobile,Google Ads,free
744,2026-04-22,UK,desktop,Organic,free
745,2026-05-20,Indonesia,desktop,Organic,free
746,2026-04-12,Indonesia,mobile,YouTube,free
747,2026-03-18,Indonesia,mobile,Google Ads,free
748,2026-04-17,Germany,mobile,YouTube,free
749,2026-04-11,Indonesia,mobile,Google Ads,free
750,2026-03-20,Germany,desktop,YouTube,free
751,2026-04-20,India,desktop,Organic,free
752,2026-03-14,India,desktop,Organic,free
753,2026-04-16,Germany,desktop,Google Ads,free
754,2026-04-09,USA,desktop,Referral,free
755,2026-04-24,Germany,mobile,Referral,free
756,2026-03-09,UK,desktop,Organic,free
757,2026-04-30,USA,mobile,Referral,free
758,2026-04-21,India,mobile,Referral,free
759,2026-05-13,India,desktop,Google Ads,free
760,2026-03-15,Indonesia,mobile,LinkedIn Ads,free
761,2026-04-18,Germany,mobile,Referral,free
762,2026-03-22,Germany,desktop,Referral,free
763,2026-03-12,India,mobile,LinkedIn Ads,free
764,2026-02-27,India,mobile,LinkedIn Ads,free
765,2026-03-09,Indonesia,mobile,Organic,free
766,2026-05-14,USA,desktop,LinkedIn Ads,free
767,2026-02-27,Indonesia,desktop,Referral,free
768,2026-04-19,Germany,mobile,Google Ads,free
769,2026-05-24,Indonesia,desktop,Organic,free
770,2026-05-10,Indonesia,desktop,Organic,free
771,2026-04-10,UK,desktop,YouTube,free
772,2026-03-28,USA,desktop,LinkedIn Ads,free
773,2026-03-24,Indonesia,desktop,Referral,free
774,2026-05-02,India,mobile,Referral,free
775,2026-03-05,Germany,desktop,Organic,free
776,2026-05-05,India,desktop,Organic,free
777,2026-03-28,UK,mobile,LinkedIn Ads,free
778,2026-03-10,USA,desktop,Organic,free
779,2026-03-19,India,mobile,YouTube,free
780,2026-03-29,Germany,desktop,LinkedIn Ads,free
781,2026-04-24,Germany,desktop,Google Ads,free
782,2026-03-11,Indonesia,mobile,Google Ads,free
783,2026-04-03,Indonesia,mobile,Referral,free
784,2026-04-13,Indonesia,desktop,LinkedIn Ads,free
785,2026-05-22,Indonesia,desktop,Google Ads,free
786,2026-03-03,Indonesia,desktop,Google Ads,free
787,2026-03-20,India,desktop,Google Ads,free
788,2026-02-27,Indonesia,desktop,YouTube,free
789,2026-03-22,Indonesia,mobile,YouTube,free
790,2026-04-01,Germany,desktop,Referral,free
791,2026-02-25,USA,desktop,LinkedIn Ads,free
792,2026-05-23,UK,mobile,Referral,free
793,2026-04-24,USA,desktop,Google Ads,free
794,2026-05-10,India,mobile,LinkedIn Ads,free
795,2026-03-19,Germany,mobile,LinkedIn Ads,free
796,2026-04-10,Germany,mobile,YouTube,free
797,2026-05-13,Indonesia,mobile,Referral,free
798,2026-04-21,India,mobile,LinkedIn Ads,free
799,2026-04-10,India,mobile,Referral,free
800,2026-05-05,UK,mobile,Referral,free
801,2026-05-05,Germany,mobile,Google Ads,free
802,2026-05-15,Indonesia,desktop,LinkedIn Ads,free
803,2026-03-19,Indonesia,mobile,Referral,free
804,2026-04-11,USA,mobile,Google Ads,free
805,2026-04-16,UK,mobile,YouTube,free
806,2026-04-26,USA,desktop,Referral,free
807,2026-05-16,Germany,desktop,YouTube,free
808,2026-05-20,India,desktop,YouTube,free
809,2026-02-28,India,desktop,YouTube,free
810,2026-04-01,India,mobile,Referral,free
811,2026-05-03,USA,mobile,Referral,free
812,2026-03-25,UK,desktop,Google Ads,free
813,2026-03-11,India,desktop,Google Ads,free
814,2026-03-02,Indonesia,desktop,Referral,free
815,2026-04-25,India,mobile,Referral,free
816,2026-03-05,India,desktop,LinkedIn Ads,free
817,2026-02-27,India,mobile,Google Ads,free
818,2026-02-28,USA,desktop,Referral,free
819,2026-05-02,USA,mobile,YouTube,free
820,2026-04-21,UK,mobile,YouTube,free
821,2026-03-30,Germany,mobile,Organic,free
822,2026-05-05,Germany,desktop,Google Ads,free
823,2026-05-13,USA,mobile,YouTube,free
824,2026-02-24,India,mobile,Organic,free
825,2026-05-13,Indonesia,mobile,Google Ads,free
826,2026-04-13,Germany,mobile,LinkedIn Ads,free
827,2026-03-19,India,mobile,LinkedIn Ads,free
828,2026-03-06,Germany,desktop,YouTube,free
829,2026-05-10,UK,desktop,Google Ads,free
830,2026-05-22,Indonesia,mobile,LinkedIn Ads,free
831,2026-03-31,Indonesia,mobile,YouTube,free
832,2026-04-09,UK,mobile,Organic,free
833,2026-04-29,Indonesia,mobile,YouTube,free
834,2026-03-21,USA,mobile,YouTube,free
835,2026-03-05,India,mobile,YouTube,free
836,2026-03-29,USA,desktop,LinkedIn Ads,free
837,2026-04-18,India,mobile,LinkedIn Ads,free
838,2026-04-20,Indonesia,desktop,Google Ads,free
839,2026-04-30,USA,mobile,Google Ads,free
840,2026-03-04,UK,mobile,LinkedIn Ads,free
841,2026-03-11,Germany,mobile,Google Ads,free
842,2026-04-07,Indonesia,mobile,LinkedIn Ads,free
843,2026-03-13,Germany,desktop,Organic,free
844,2026-04-13,USA,desktop,Google Ads,free
845,2026-04-22,Germany,desktop,Google Ads,free
846,2026-04-30,India,desktop,Referral,free
847,2026-05-13,USA,mobile,LinkedIn Ads,free
848,2026-03-01,USA,desktop,Google Ads,free
849,2026-04-09,India,desktop,Google Ads,free
850,2026-03-21,UK,mobile,Google Ads,free
851,2026-05-04,Germany,mobile,Referral,free
852,2026-05-03,Germany,desktop,YouTube,free
853,2026-03-08,Indonesia,desktop,YouTube,free
854,2026-05-17,Germany,mobile,Referral,free
855,2026-03-25,Germany,mobile,Referral,free
856,2026-03-09,UK,mobile,Referral,free
857,2026-05-24,UK,desktop,Organic,free
858,2026-03-28,Indonesia,mobile,LinkedIn Ads,free
859,2026-05-08,USA,desktop,Referral,free
860,2026-03-26,India,mobile,Referral,free
861,2026-05-20,UK,desktop,Referral,free
862,2026-05-24,India,desktop,Referral,free
863,2026-02-24,UK,mobile,Referral,free
864,2026-03-23,India,mobile,Referral,free
865,2026-05-04,Germany,desktop,Organic,free
866,2026-03-30,Germany,desktop,Organic,free
867,2026-03-13,Indonesia,desktop,Organic,free
868,2026-05-04,Indonesia,desktop,Organic,free
869,2026-03-07,USA,desktop,Google Ads,free
870,2026-04-12,Indonesia,mobile,Organic,free
871,2026-03-21,India,mobile,YouTube,free
872,2026-03-21,USA,desktop,Google Ads,free
873,2026-03-18,USA,desktop,LinkedIn Ads,free
874,2026-04-21,Germany,desktop,LinkedIn Ads,free
875,2026-04-23,Germany,desktop,Google Ads,free
876,2026-03-31,India,mobile,LinkedIn Ads,free
877,2026-04-26,UK,mobile,YouTube,free
878,2026-04-10,Germany,mobile,Google Ads,free
879,2026-04-28,UK,desktop,LinkedIn Ads,free
880,2026-04-12,Indonesia,desktop,Referral,free
881,2026-03-25,Indonesia,mobile,Google Ads,free
882,2026-03-19,Germany,mobile,Organic,free
883,2026-05-14,USA,desktop,Referral,free
884,2026-04-13,UK,desktop,Google Ads,free
885,2026-04-16,USA,mobile,YouTube,free
886,2026-05-20,Indonesia,mobile,Referral,free
887,2026-04-08,Indonesia,mobile,Google Ads,free
888,2026-04-17,UK,mobile,Google Ads,free
889,2026-05-22,Germany,desktop,LinkedIn Ads,free
890,2026-05-24,Indonesia,desktop,Organic,free
891,2026-05-05,USA,desktop,Organic,free
892,2026-03-25,UK,desktop,LinkedIn Ads,free
893,2026-04-11,Germany,mobile,Organic,free
894,2026-05-16,Indonesia,desktop,LinkedIn Ads,free
895,2026-03-15,Indonesia,desktop,Organic,free
896,2026-05-12,Germany,desktop,Organic,free
897,2026-03-25,Germany,mobile,LinkedIn Ads,free
898,2026-04-21,USA,mobile,YouTube,free
899,2026-04-03,USA,mobile,YouTube,free
900,2026-04-09,Germany,desktop,YouTube,free
901,2026-04-12,India,mobile,Google Ads,free
902,2026-03-28,India,mobile,YouTube,free
903,2026-04-05,Germany,mobile,YouTube,free
904,2026-03-20,Germany,desktop,LinkedIn Ads,free
905,2026-03-09,USA,mobile,LinkedIn Ads,free
906,2026-03-29,Indonesia,desktop,Google Ads,free
907,2026-04-18,India,desktop,Organic,free
908,2026-05-09,Germany,mobile,LinkedIn Ads,free
909,2026-03-05,UK,desktop,Google Ads,free
910,2026-04-05,USA,desktop,LinkedIn Ads,free
911,2026-03-05,Germany,desktop,Referral,free
912,2026-04-14,Indonesia,mobile,LinkedIn Ads,free
913,2026-05-22,Germany,mobile,Organic,free
914,2026-04-04,Indonesia,mobile,Referral,free
915,2026-04-30,USA,desktop,Organic,free
916,2026-02-28,India,desktop,Referral,free
917,2026-04-18,USA,mobile,Organic,free
918,2026-03-26,Indonesia,desktop,Referral,free
919,2026-03-13,Germany,mobile,YouTube,free
920,2026-04-04,UK,mobile,Referral,free
921,2026-02-25,Indonesia,desktop,Referral,free
922,2026-04-23,India,mobile,Google Ads,free
923,2026-03-11,Germany,desktop,LinkedIn Ads,free
924,2026-03-03,India,mobile,LinkedIn Ads,free
925,2026-04-19,USA,desktop,LinkedIn Ads,free
926,2026-04-09,Indonesia,mobile,Organic,free
927,2026-04-02,USA,desktop,Google Ads,free
928,2026-03-06,USA,desktop,Referral,free
929,2026-04-17,Indonesia,desktop,Organic,free
930,2026-05-03,Indonesia,desktop,YouTube,free
931,2026-03-15,India,desktop,Organic,free
932,2026-02-25,USA,desktop,LinkedIn Ads,free
933,2026-03-02,UK,desktop,LinkedIn Ads,free
934,2026-04-10,USA,desktop,LinkedIn Ads,free
935,2026-03-20,India,mobile,Referral,free
936,2026-04-14,Indonesia,mobile,Google Ads,free
937,2026-03-02,USA,desktop,Google Ads,free
938,2026-05-17,USA,desktop,LinkedIn Ads,free
939,2026-05-22,USA,desktop,Referral,free
940,2026-04-20,UK,mobile,Referral,free
941,2026-03-15,UK,desktop,Google Ads,free
942,2026-03-08,India,desktop,Organic,free
943,2026-05-03,Germany,mobile,Referral,free
944,2026-05-09,UK,desktop,YouTube,free
945,2026-05-07,USA,mobile,Organic,free
946,2026-04-21,Indonesia,mobile,Organic,free
947,2026-04-12,USA,desktop,Google Ads,free
948,2026-03-15,UK,desktop,Google Ads,free
949,2026-05-02,USA,desktop,LinkedIn Ads,free
950,2026-04-05,Germany,desktop,LinkedIn Ads,free
951,2026-04-17,USA,mobile,Organic,free
952,2026-04-11,Germany,mobile,Referral,free
953,2026-04-15,USA,mobile,YouTube,free
954,2026-05-05,Indonesia,desktop,LinkedIn Ads,free
955,2026-05-01,USA,mobile,Organic,free
956,2026-03-21,Germany,mobile,Referral,free
957,2026-04-15,Germany,desktop,Google Ads,free
958,2026-05-14,India,desktop,LinkedIn Ads,free
959,2026-05-13,Germany,mobile,Referral,free
960,2026-03-26,UK,desktop,Referral,free
961,2026-05-17,USA,desktop,LinkedIn Ads,free
962,2026-03-11,Germany,mobile,Google Ads,free
963,2026-04-03,USA,desktop,YouTube,free
964,2026-03-28,UK,mobile,Organic,free
965,2026-04-30,India,desktop,Organic,free
966,2026-05-20,USA,desktop,Organic,free
967,2026-05-11,Germany,mobile,LinkedIn Ads,free
968,2026-03-12,India,mobile,Google Ads,free
969,2026-03-19,Indonesia,desktop,Referral,free
970,2026-04-30,UK,desktop,LinkedIn Ads,free
971,2026-04-30,India,desktop,Google Ads,free
972,2026-03-16,Indonesia,mobile,Organic,free
973,2026-04-14,Germany,mobile,YouTube,free
974,2026-05-16,USA,mobile,Organic,free
975,2026-05-11,India,desktop,Google Ads,free
976,2026-05-21,Indonesia,mobile,Google Ads,free
977,2026-04-18,Indonesia,mobile,YouTube,free
978,2026-03-08,UK,desktop,LinkedIn Ads,free
979,2026-02-25,India,mobile,YouTube,free
980,2026-03-06,India,desktop,YouTube,free
981,2026-03-29,Indonesia,mobile,Referral,free
982,2026-04-08,India,mobile,Google Ads,free
983,2026-05-18,India,mobile,Google Ads,free
984,2026-04-14,UK,mobile,LinkedIn Ads,free
985,2026-05-11,India,mobile,YouTube,free
986,2026-04-09,India,mobile,LinkedIn Ads,free
987,2026-04-18,India,mobile,LinkedIn Ads,free
988,2026-05-13,USA,desktop,Referral,free
989,2026-03-16,Indonesia,desktop,Referral,free
990,2026-03-22,Indonesia,desktop,Referral,free
991,2026-03-27,UK,desktop,LinkedIn Ads,free
992,2026-05-01,UK,mobile,YouTube,free
993,2026-05-04,Germany,mobile,Organic,free
994,2026-03-02,Germany,mobile,Google Ads,free
995,2026-03-08,Indonesia,mobile,Referral,free
996,2026-04-14,Germany,desktop,Referral,free
997,2026-05-21,Indonesia,mobile,LinkedIn Ads,free
998,2026-03-03,India,mobile,Google Ads,free
999,2026-03-30,Indonesia,desktop,Referral,free
1000,2026-03-18,USA,mobile,Referral,free
